0,ep-12065,CCCCOC(C)C
1,ep-122182,CCCOCCCOC
2,ep-85374,COCC(C)OC(C)C
3,ep-95836,COC(C)CC(C)(C)C
4,ep-73493,CCC(COC)COC
5,ep-4226,CCCOCOC
6,ep-12442,CCC(OC)C(C)C
7,ep-125227,CC(C)CCOC(C)C
8,ep-91396,COC(C)(C)OC(C)C
9,ep-134413,CCCCOCC(C)C
10,ep-16855,CCC(C)(C)COC
11,ep-115822,CCCOC(C)(C)CC
12,ep-15562,CCOCCOCC
13,ep-5280,CCOCOCC
14,ep-71330,CCCC(OC)C(C)C
15,ep-17071,CCC(C)CCOC
16,ep-12574,COCCC(C)OC
17,ep-12060,CC(C)COC(C)C
18,ep-49,CCOC
19,ep-91405,CCOC(C)(C)OCC
20,ep-73336,CCOCC(CC)CC
21,ep-101268,CCOC(C)C(C)CC
22,ep-134411,CC(C)COCC(C)C
23,ep-13433,COCC(OC)OC
24,ep-133693,COC(OC)(OC)OC
25,ep-11611,COCOC(C)(C)C
26,ep-86864,COCCOCC(C)C
27,ep-17107,COCCCC(C)C
28,ep-101247,COCOCC(C)(C)C
29,ep-96108,CCC(CC)CCOC
30,ep-134285,CCC(C)OCC(C)C
31,ep-96120,CCOCCC(C)CC
32,ep-11595,CCCOC(C)(C)C
33,ep-122197,COCCCOCOC
34,ep-97685,COCCCC(C)(C)C
35,ep-5059,CCOCCOC
36,ep-17122,COCCCCOC
37,ep-86868,CCCOCCOCC
38,ep-11937,COC(C)OC(C)C
39,ep-117696,CCOCOCCOC
40,ep-85105,COCC(C)(OC)OC
41,ep-86874,CCCCOCCOC
42,ep-71552,CCOC(C)(CC)CC
43,ep-95845,CCC(C)(C)CCOC
44,ep-91983,COC(CC(C)C)OC
45,ep-91575,CCC(OC)(OC)OC
46,ep-134273,CCC(C)OC(C)CC
47,ep-125193,CCOCC(C)C(C)C
48,ep-12130,CCC(C)OCOC
49,ep-134280,CCCCOC(C)(C)C
50,ep-85261,CCOCC(C)OCC
51,ep-91517,COC(C)(OC)C(C)C
52,ep-115871,COCCC(C)(C)OC
53,ep-15381,CCCOCC(C)C
54,ep-15834,COCOCC(C)C
55,ep-98253,CCCCCCOCC
56,ep-2430,CCOCC(C)C
57,ep-125358,CCCCC(C)OCC
58,ep-101151,CCOC(C)C(C)(C)C
59,ep-96114,CCCC(C)CCOC
60,ep-91400,CCCOC(C)(C)OC
61,ep-91892,CCOC(CC)OCC
62,ep-71309,CCC(C)(OC)C(C)C
63,ep-125763,CCCC(C)OC(C)C
64,ep-17112,CCCCCCOC
65,ep-800,CCCOCC
66,ep-122138,CCOCC(C)COC
67,ep-135481,CCOC(OC)OCC
68,ep-134490,COC(OC)OC(C)C
69,ep-13347,COC(OC)C(C)C
70,ep-133737,COCOCOCOC
71,ep-86643,CCC(C)OCCOC
72,ep-86886,COCCOCCOC
73,ep-73326,CCC(C)(CC)COC
74,ep-85302,COCOCC(C)OC
75,ep-71571,CCC(CC)OCOC
76,ep-12016,CCOC(C)COC
77,ep-134269,CC(C)(C)OC(C)(C)C
78,ep-2567,COC(C)(C)OC
79,ep-101320,COCC(C)C(C)OC
80,ep-70711,CCC(CC)(CC)OC
81,ep-11995,CCCC(C)OCC
82,ep-84998,CCC(C)(COC)OC
83,ep-12559,COC(C)CC(C)C
84,ep-2942,CC(C)OC(C)C
85,ep-2681,CCC(CC)OC
86,ep-85247,COC(C)COC(C)C
87,ep-91520,CCCC(C)(OC)OC
88,ep-15673,CCOC(OC)OC
89,ep-98231,CCCCCC(C)OC
90,ep-5606,COC(OC)OC
91,ep-71475,CCCC(CCC)OC
92,ep-134509,CCOCOC(C)(C)C
93,ep-134746,CCCCOCOCC
94,ep-101263,COC(C)C(C)C(C)C
95,ep-11983,CCOC(CC)CC
96,ep-121,COC(C)C
97,ep-101232,CC(C)OCC(C)(C)C
98,ep-71318,CCC(C)C(CC)OC
99,ep-85392,COCOC(C)COC
100,ep-97688,CCC(C)CCCOC
101,ep-12525,CCC(COC)OC
102,ep-134277,CC(C)COC(C)(C)C
103,ep-71324,CCOC(CC)C(C)C
104,ep-17068,COCCC(C)(C)C
105,ep-101422,CC(C)OC(C)C(C)C
106,ep-2947,CCCOC(C)C
107,ep-86647,CCOCCOC(C)C
108,ep-71504,CCC(CCOC)OC
109,ep-101176,CCOCC(C)(C)CC
110,ep-11589,CCOC(C)(C)CC
111,ep-134761,CCCOCOCCC
112,ep-73321,CCC(CC)C(C)OC
113,ep-71464,CCC(CC(C)C)OC
114,ep-85845,CCOC(COC)OC
115,ep-2162,CCOC(C)(C)C
116,ep-84610,COC(C)C(C)(C)OC
117,ep-91826,CCC(C)C(OC)OC
118,ep-96103,COCCC(C)C(C)C
119,ep-122150,COCC(COC)OC
120,ep-91820,CCOC(OC)C(C)C
121,ep-2090,COCC(C)(C)C
122,ep-134547,CCOC(C)OC(C)C
123,ep-95841,COCC(C)C(C)(C)C
124,ep-431,COC(C)(C)C
125,ep-4037,CCC(OC)OC
126,ep-91439,COCOC(C)(C)OC
127,ep-16884,CCCC(C)COC
128,ep-12628,CCOCC(C)OC
129,ep-125368,CCCC(C)COCC
130,ep-101145,CCC(C)(C)C(C)OC
131,ep-12941,CCOC(CC)OC
132,ep-91355,CCOC(C)(CC)OC
133,ep-134562,CCCOCOC(C)C
134,ep-97680,COCC(C)CC(C)C
135,ep-73330,CCCC(CC)COC
136,ep-15923,COCCOCOC
137,ep-91818,COC(OC)C(C)(C)C
138,ep-16878,CCC(CC)COC
139,ep-92275,CCC(C)OC(C)OC
140,ep-15512,CCOCCCOC
141,ep-85352,CCCC(COC)OC
142,ep-125777,CCC(C)COC(C)C
143,ep-11671,COCC(C)(C)OC
144,ep-115816,CCCC(C)(C)OCC
145,ep-12075,COCCOC(C)C
146,ep-101261,CCC(C)C(C)(C)OC
147,ep-15378,CCOCC(C)(C)C
148,ep-71469,CCCC(CC)OCC
149,ep-12448,CCC(C)C(C)OC
150,ep-125856,CCCC(C)OCOC
151,ep-134288,CCCCOC(C)CC
152,ep-91999,COCCC(OC)OC
153,ep-15497,CCOCCC(C)C
154,ep-91924,CCC(OC)OCOC
155,ep-134557,CC(C)OCOC(C)C
156,ep-125464,CCOCCCCOC
157,ep-86924,CCOCCOCOC
158,ep-115977,COC(C)OC(C)(C)C
159,ep-11769,CCC(C)(OC)OC
160,ep-2302,CCC(C)COC
161,ep-92297,COC(C)OC(C)OC
162,ep-11978,CCOC(C)C(C)C
163,ep-12788,COC(C)(OC)OC
164,ep-2826,COCC(C)OC
165,ep-98242,COCCCCC(C)C
166,ep-11650,CCC(C)(CC)OC
167,ep-134769,CCCOCOCOC
168,ep-12509,CCCC(CC)OC
169,ep-71313,COC(C(C)C)C(C)C
170,ep-85371,CCOC(C)(C)COC
171,ep-115835,CCC(C)(C)OCOC
172,ep-85350,CCOC(CC)COC
173,ep-4149,COCCCOC
174,ep-71554,CCC(CC)OC(C)C
175,ep-122083,CCOC(C)CCOC
176,ep-125412,CCCCCOCOC
177,ep-74362,CCCC(C)(C)COC
178,ep-125243,COCOCCC(C)C
179,ep-283,COCOC
180,ep-95851,CCOCCC(C)(C)C
181,ep-1007,COCCOC
182,ep-13388,CCCC(OC)OC
183,ep-11917,CCC(C)OC(C)C
184,ep-134416,CCCCOCCCC
185,ep-71019,CCC(CC)(OC)OC
186,ep-125400,CCCCCOCCC
187,ep-122171,COCCCOC(C)C
188,ep-134686,CCCOC(OC)OC
189,ep-115813,CCC(C)(C)OC(C)C
190,ep-85255,CCCOCC(C)OC
191,ep-91988,CCCCC(OC)OC
192,ep-12439,COC(C)C(C)(C)C
193,ep-125780,CCCOCC(C)CC
194,ep-11989,CCCOC(C)CC
195,ep-2361,COCCC(C)C
196,ep-125392,COCCCC(C)OC
197,ep-98236,CCCCC(C)COC
198,ep-72901,CCC(COC)C(C)C
199,ep-11656,CCCC(C)(C)OC
200,ep-84791,COC(C)C(OC)OC
201,ep-15881,CCCOCOCC
202,ep-101420,CCOC(C)(C)C(C)C
203,ep-125184,CCOC(C)CC(C)C
204,ep-125225,COCCC(C)COC
205,ep-134270,CCC(C)OC(C)(C)C
206,ep-91881,CCCC(OC)OCC
207,ep-134736,CCCOC(C)OCC
208,ep-115858,COC(C)(C)CC(C)C
209,ep-97675,COC(C)CCC(C)C
210,ep-12564,CCCCC(C)OC
211,ep-133708,COCOC(OC)OC
212,ep-84611,CCC(OC)C(C)OC
213,ep-16873,COCC(C)C(C)C
214,ep-125866,CCC(C)COCOC
215,ep-16899,COCC(C)COC
216,ep-11584,CC(C)OC(C)(C)C
217,ep-71559,CCCOC(CC)CC
218,ep-96098,CCC(C)C(C)COC
219,ep-135536,CCOCOCOCC
220,ep-2743,CCOC(C)CC
221,ep-125766,CCCOC(C)CCC
222,ep-70758,CCCC(C)(CC)OC
223,ep-13003,CCCOC(C)OC
224,ep-223,CCOCC
225,ep-91877,CCC(OC)OC(C)C
226,ep-86709,COCCOC(C)OC
227,ep-133726,CCOC(C)OCOC
228,ep-15996,CCOCOCOC
229,ep-4216,CCCOCCC
230,ep-122089,CCOCCC(C)OC
231,ep-85250,CCOCC(CC)OC
232,ep-134716,CCOCOCC(C)C
233,ep-84524,CCOC(C)C(C)OC
234,ep-85379,CCCOC(C)COC
235,ep-98438,COCCCCCOC
236,ep-71480,CCCCC(CC)OC
237,ep-13009,CCOC(C)OCC
238,ep-12171,CCOCOC(C)C
239,ep-101274,CCCC(C)C(C)OC
240,ep-86642,COCCOC(C)(C)C
241,ep-15447,CCCCOCCC
242,ep-125810,CCCCOC(C)OC
243,ep-134523,CCOCOC(C)CC
244,ep-15387,CCOCC(C)CC
245,ep-2737,CCCC(C)OC
246,ep-91887,CCCOC(CC)OC
247,ep-15463,CCCOCCOC
248,ep-122080,COC(C)CC(C)OC
249,ep-101426,CCCOC(C)C(C)C
250,ep-101193,COCC(C)(C)COC
251,ep-2234,COC(C)C(C)C
252,ep-133725,CCOC(C)(OC)OC
253,ep-85746,CCOCC(OC)OC
254,ep-12468,COC(C)C(C)OC
255,ep-125232,CCCOCCC(C)C
256,ep-84930,CCOCC(C)(C)OC
257,ep-11645,COC(C)(C)C(C)C
258,ep-1071,CCOCOC
259,ep-134570,COCOCOC(C)C
260,ep-101493,COCOC(C)C(C)C
261,ep-11702,CCOC(C)(C)OC
262,ep-13112,COCOC(C)OC
263,ep-101143,COC(C)(C)C(C)(C)C
264,ep-133728,CCOCOC(C)OC
265,ep-72819,COCC(C)(C)C(C)C
266,ep-159,CCCOC
267,ep-3941,CCCCOCC
268,ep-125395,CCCCCOC(C)C
269,ep-115863,CCCCC(C)(C)OC
270,ep-122176,CCOCCCOCC
271,ep-101237,CCCOCC(C)(C)C
272,ep-71310,CCC(OC)C(C)(C)C
273,ep-15502,CCCCCOCC
274,ep-96093,CCC(C)CC(C)OC
275,ep-98247,CCCCCCCOC
276,ep-97694,CCOCCCC(C)C
277,ep-101473,COC(C)OCC(C)C
278,ep-2121,CCC(C)(C)OC
279,ep-15875,CCCCOCOC
280,ep-85346,COCC(OC)C(C)C
281,ep-3877,CCCCCOC
282,ep-549,CCOC(C)C
283,ep-508,CCC(C)OC
284,ep-5701,COCOCOC
285,ep-736,CCCCOC
286,ep-2957,COCOC(C)C
287,ep-896,COC(C)OC
288,ep-464,COCC(C)C
289,ep-4572,CCOC(C)OC
290,ep-29046,CC1CC(C)(C)CO1
291,ep-29468,COC1OCOC1C
292,ep-6101,CC1(C)COCO1
293,ep-185953,CCOC1COC(C)C1
294,ep-170109,CCC1COCC(C)C1
295,ep-253448,COC1COC(C)OC1
296,ep-205680,CC1CCC(C)C(C)O1
297,ep-8039,CC1COCCO1
298,ep-253720,COCC1CC(C)CO1
299,ep-156882,COC1(C)CCOC1C
300,ep-155111,CC1COC(C(C)C)C1
301,ep-207218,CC(C)C1OCOCO1
302,ep-32795,COCC1OCCO1
303,ep-171690,CCCC1COCOC1
304,ep-275520,CCOC1OCC(C)O1
305,ep-196115,COC1COC(C)(C)C1
306,ep-198083,COC1COC(OC)C1
307,ep-197738,CCOC1CC(C)CO1
308,ep-154754,COC1CCCC1(C)C
309,ep-207071,CC1OCC(C(C)C)O1
310,ep-254296,CCOCC1OCCO1
311,ep-187053,CC1CC(C)OC(C)O1
312,ep-205116,COC1OCCC1(C)C
313,ep-259300,CC(C)OC1CCCO1
314,ep-251678,CC1COC(C)C(C)O1
315,ep-156633,CCCC1CCOCO1
316,ep-259435,COC1CC(C)CCO1
317,ep-38391,CCOC1OCCO1
318,ep-207043,CCC1OCC(C)(C)O1
319,ep-33204,COC1CCOCO1
320,ep-253667,CCOC1COCOC1
321,ep-26798,COC1(C)CCOC1
322,ep-32371,CC1OCOC(C)O1
323,ep-187125,CCC1OCCC(C)O1
324,ep-156605,CCC1CCCC(C)O1
325,ep-156788,CCC1CCC(C)CO1
326,ep-171179,CCC1COCC1OC
327,ep-156785,CCCCC1CCCO1
328,ep-156601,CCOC1CCC(C)C1
329,ep-206754,CC1CC(C)(C)OC1C
330,ep-267136,CCOC1(C)CCCO1
331,ep-246884,COCOC1COCO1
332,ep-252627,CCC1OCOC1OC
333,ep-185969,COC(C)C1COCO1
334,ep-259433,CCC1COC(OC)C1
335,ep-186183,COC1CCOC(C)O1
336,ep-251706,COC(C)C1CCCO1
337,ep-165847,CC1COC(C)C1(C)C
338,ep-6637,CC1COC(C)C1
339,ep-32369,COC1COC(C)O1
340,ep-32631,CCC1OCCCO1
341,ep-185891,COCC1OCOC1C
342,ep-252478,COC1OCCOC1C
343,ep-27200,COC1(C)COCO1
344,ep-32945,CC1COC(C)OC1
345,ep-157711,CCC1CCC(C)(C)O1
346,ep-186956,COC1CCOC1OC
347,ep-186105,COCCC1OCCO1
348,ep-253620,COC1COCC(C)O1
349,ep-185903,COCCC1COCO1
350,ep-205786,COC1COCCC1C
351,ep-271142,COCCC1CCCC1
352,ep-259270,CC1CC(C)C(C)CO1
353,ep-187438,CC1OCC(C)C(C)O1
354,ep-271674,CCOC1CCCCO1
355,ep-157686,CCC1(CC)CCCO1
356,ep-29282,CC(C)C1COCO1
357,ep-253699,CC(C)C1COCCO1
358,ep-154757,CC(C)(C)C1CCCO1
359,ep-187821,CC1OCCC(C)(C)O1
360,ep-157678,CCC1(C)CCC(C)O1
361,ep-26483,CC1OCC(C)(C)O1
362,ep-28133,CC1CCOC(C)O1
363,ep-32943,COC1CC(C)CO1
364,ep-156704,CCCC1CC(C)CO1
365,ep-165837,CC1(C)COCC1(C)C
366,ep-166273,COC1(C)COCC1C
367,ep-157704,CCC1OC(C)OC1C
368,ep-205865,CCC(C)C1OCCO1
369,ep-207024,CC1(C)COC(C)(C)O1
370,ep-196957,CCCC1COC(C)O1
371,ep-156482,COC1CC(C)OC1C
372,ep-207074,COC1CCC(C)CO1
373,ep-28060,CC1CC(C)C(C)O1
374,ep-189246,CCOC1OCCCO1
375,ep-33205,CCC1OCOCO1
376,ep-271173,CCCC1CCOCC1
377,ep-205019,CC1OCCCC1(C)C
378,ep-244264,CC1CCC(C)(C)OC1
379,ep-154880,CCC1OCC(C)C1C
380,ep-30707,COC1CCCC1C
381,ep-186580,COC1COCC1OC
382,ep-280026,CC1COCCC1(C)C
383,ep-6535,CCC1CCOC1
384,ep-32754,COC1COCCO1
385,ep-253710,CCC1COCC(C)O1
386,ep-187087,CC1CCOC(C)(C)O1
387,ep-196118,COC1COCC(C)C1
388,ep-154734,CCC1(C)OCCC1C
389,ep-26982,CC1COC(C)(C)O1
390,ep-157884,COCOC1CCCC1
391,ep-156706,COC1CC(C)C(C)C1
392,ep-274931,COC1OCOC(C)O1
393,ep-156534,COC1CCOC(C)C1
394,ep-253546,CCOC1CCCOC1
395,ep-170129,COCC1CCOCC1
396,ep-205923,COC1OC(C)CC1C
397,ep-280341,CCC1CCOCC1C
398,ep-157819,CCC1(C)OCOC1C
399,ep-274915,COC1(OC)OCCO1
400,ep-156503,COC1CCC(C)(C)C1
401,ep-40148,COCC1CCCC1
402,ep-31032,COC1CCOCC1
403,ep-28495,CCC1CCCCO1
404,ep-244247,CC1CCOC(C)(C)C1
405,ep-9458,CC1OCOCO1
406,ep-171601,COCC1(C)CCOC1
407,ep-269273,CC(C)C1CCOCC1
408,ep-26474,CC1CCC(C)(C)O1
409,ep-1879,C1COCCO1
410,ep-254223,COC1COC(C)(C)O1
411,ep-157010,CCOC1CCOCC1
412,ep-166880,CCCC1COCC1C
413,ep-32626,COC1OCCC1C
414,ep-27092,COC1(C)CCCO1
415,ep-205064,CC1CC(C)(C)C(C)O1
416,ep-187451,CC1COC(C)(C)OC1
417,ep-254450,CCCOC1COCO1
418,ep-205542,CC1COCC(C)(C)C1
419,ep-207135,CC1(C)OCOC1(C)C
420,ep-154886,CCC(C)C1CCCO1
421,ep-170801,CCCC1(C)CCOC1
422,ep-37676,CCC1(C)CCOC1
423,ep-259547,COC1CCCC(C)O1
424,ep-37645,CC1COCC1(C)C
425,ep-156502,CCC1CC(C)(C)CO1
426,ep-244283,CC1CC(C)(C)OCO1
427,ep-38067,CC1(C)CCOCC1
428,ep-28062,CCC1CCC(C)O1
429,ep-40892,COC1OCOCO1
430,ep-167631,COC1OCC(C)C1C
431,ep-186460,COCC1(C)COCO1
432,ep-152292,CCC1(OC)CCCO1
433,ep-188359,COC1(C)OCCCO1
434,ep-275550,CCOC1CCC(C)O1
435,ep-196958,CCCC1COCCO1
436,ep-278984,COC1CCC(OC)O1
437,ep-166627,CCC1C(C)COC1C
438,ep-205644,CC1OCOC(C)C1C
439,ep-156504,CC(C)CC1CCCO1
440,ep-259434,COC1(C)OCCC1C
441,ep-31759,COC1(C)OCCO1
442,ep-262285,CC(C)C1(C)OCCO1
443,ep-29317,CCC1CCOCO1
444,ep-170184,CCC1CCC(C)OC1
445,ep-156493,COC1CCCOC1C
446,ep-32688,CCCC1OCCO1
447,ep-28127,CCC1COC(C)O1
448,ep-166617,COCC1CCCC1C
449,ep-235788,COC1(OC)CCCO1
450,ep-28188,CCC1OCC(C)O1
451,ep-186519,COCC1COC(C)O1
452,ep-188867,COC1OCC(C)CO1
453,ep-205171,CC(C)(C)C1OCCO1
454,ep-171687,COCC1COC(C)C1
455,ep-166451,CC1COCOC1(C)C
456,ep-171252,CCCC1COC(C)C1
457,ep-156610,CCCC1CCCCO1
458,ep-246922,COC1COCOC1C
459,ep-156599,CCC1CC(C)C(C)O1
460,ep-38353,COC1OCCCO1
461,ep-157680,CCOC1(C)CCCC1
462,ep-26593,CC1(C)CCOCO1
463,ep-152295,COC1(OC)CCCC1
464,ep-196098,CCCC1(C)COCO1
465,ep-155020,CCOC1CCCC1C
466,ep-166628,CC(C)C1CCOC1C
467,ep-152298,CCC1(CC)OCCO1
468,ep-207073,COC1(C)CC(C)CO1
469,ep-170057,COCC1(C)CCCC1
470,ep-7868,CC1CCC(C)O1
471,ep-251863,COC1OC(C)C(C)O1
472,ep-28564,CC1CCC(C)OC1
473,ep-244458,COC1OCC(C)(C)O1
474,ep-28436,CC(C)C1CCCO1
475,ep-253224,COC1(OC)CCOC1
476,ep-154816,COC1C(C)COC1C
477,ep-6939,CC1COCOC1
478,ep-186101,CCOC1CCOCO1
479,ep-9006,COC1CCCO1
480,ep-246920,COCC1CCOCO1
481,ep-165840,CC(C)C1(C)CCOC1
482,ep-26787,COC1(C)CCCC1
483,ep-154738,COC1(C)CCCC1C
484,ep-253226,CCOC1(C)COCO1
485,ep-6013,CC1(C)CCCO1
486,ep-188431,CC(C)C1OCCCO1
487,ep-37917,CCC1COCC1C
488,ep-275674,CCC1OCOC(C)O1
489,ep-255095,CCC1COC(CC)O1
490,ep-170113,COCC1CCCCC1
491,ep-156783,CCC1CCC(OC)C1
492,ep-28803,COC1CCOC1C
493,ep-154777,COC1CCOC1(C)C
494,ep-26509,CC1(C)CCCCO1
495,ep-254298,CCC1OCC(OC)O1
496,ep-154892,CCC1CCCC1OC
497,ep-242872,CCCC1(C)CCCO1
498,ep-28512,CCC1COCCO1
499,ep-154820,CC(C)C1OCOC1C
500,ep-170009,CCC1CCCOC1C
501,ep-205525,CC1(C)COC(C)(C)C1
502,ep-27095,CC1(C)OCCCO1
503,ep-259598,CCC1COC(OC)O1
504,ep-271672,COCCC1CCOC1
505,ep-28614,CCC1CCOC1C
506,ep-29164,COC1OCC(C)O1
507,ep-6572,CC1CCOCC1
508,ep-274934,COCOC1OCCO1
509,ep-244241,CC1CCCC(C)(C)O1
510,ep-205211,CC1CCC(C)(C)CO1
511,ep-246924,CCOC1COCCO1
512,ep-154776,CCC1OCOC1(C)C
513,ep-28513,CCOC1CCOC1
514,ep-29469,COCC1COCO1
515,ep-185896,COC1CC(C)OCO1
516,ep-251757,CCC1OC(C)C(C)O1
517,ep-157167,CCC1CC(OC)CO1
518,ep-31460,COC1COCOC1
519,ep-205029,COC1COCC1(C)C
520,ep-29372,CC1CC(C)OCO1
521,ep-254428,COCC1OCCCO1
522,ep-7658,COC1CCCC1
523,ep-37646,CC1COCC(C)C1
524,ep-205695,CCC(C)C1COCO1
525,ep-154896,COC1CCCCC1C
526,ep-38129,COCC1CCOC1
527,ep-7852,CC1CCCCO1
528,ep-156510,COC1CCCC(C)C1
529,ep-262273,CCC1(C)OCC(C)O1
530,ep-253118,COC1(C)COC(C)O1
531,ep-166768,CCC1COCC1CC
532,ep-37679,CCC1CCCOC1
533,ep-8044,CC1COC(C)O1
534,ep-205863,CCOC1OCCC1C
535,ep-157171,COCCC1CCCO1
536,ep-28079,CC1COCC(C)O1
537,ep-186441,CCOC1COCC1C
538,ep-6638,CC1CCCOC1
539,ep-28616,CCCC1CCCO1
540,ep-38085,CCCC1CCOC1
541,ep-154742,CC(C)C1(C)CCCO1
542,ep-29370,CCCC1COCO1
543,ep-246929,COCC1OCOCO1
544,ep-31023,COC1CCCCC1
545,ep-155043,CC(C)C1CCOCO1
546,ep-252902,COC1(C)COCOC1
547,ep-28620,CC1CCOC(C)C1
548,ep-278995,CCCCC1OCCO1
549,ep-29061,CCC1COC(C)C1
550,ep-1361,CC1CCOC1
551,ep-274935,CCOC1OCOCO1
552,ep-205619,CC1COC(C)(C)C1C
553,ep-26522,CC1(C)COCCO1
554,ep-171295,CCCCC1CCOC1
555,ep-37630,CC1(C)CCCOC1
556,ep-252476,COC1OC(C)OC1C
557,ep-165843,CC1CCOCC1(C)C
558,ep-275663,CCCOC1OCCO1
559,ep-6359,CC1CCOC1C
560,ep-253225,COCC1(C)OCCO1
561,ep-196122,CC(C)CC1COCO1
562,ep-253013,COCC1(C)CCCO1
563,ep-28435,CC1OCCC1(C)C
564,ep-166622,CC(C)C1CCCOC1
565,ep-156468,CCC1OCCC1OC
566,ep-253122,COC1(C)COCCO1
567,ep-5814,CC1(C)CCOC1
568,ep-259436,COC1(C)CCCCO1
569,ep-188473,CCCC1OCCCO1
570,ep-171606,CCC1(C)COCOC1
571,ep-28759,CC1COC(C)CO1
572,ep-156893,CCC1(OC)CCOC1
573,ep-205577,COC1CC(C)(C)CO1
574,ep-38065,CC(C)C1CCOC1
575,ep-7717,CCC1COCO1
576,ep-244417,CC1COCC(C)(C)O1
577,ep-29095,COC1COC(C)C1
578,ep-155105,CCCC1OCCC1C
579,ep-252851,CCC1(C)COCCO1
580,ep-9183,CC1OCCCO1
581,ep-186464,COC1OCOCC1C
582,ep-170024,CCC1CCOC1OC
583,ep-156603,CCCC1CCC(C)O1
584,ep-28457,CC1OCCOC1C
585,ep-252454,CCOC1OCOC1C
586,ep-154919,CCC1OCOCC1C
587,ep-156489,CCCC1OCOC1C
588,ep-280335,CCC1CCOC(C)C1
589,ep-253503,COC1COC(C)CO1
590,ep-205924,COC1OCCCC1C
591,ep-1779,C1COCOC1
592,ep-32758,CCOC1COCO1
593,ep-170286,CCCC1CCOC1C
594,ep-6327,CC1COCC1C
595,ep-253501,COC1(C)OCC(C)O1
596,ep-28805,COCC1CCCO1
597,ep-165974,CCC1COCC1(C)C
598,ep-259260,CC1CC(C)OC(C)C1
599,ep-155017,CCC1OC(C)CC1C
600,ep-205622,CC1CCCOC1(C)C
601,ep-267133,COC1(C)CCC(C)O1
602,ep-157712,CC(C)OC1CCCC1
603,ep-154795,CC(C)C1OCCC1C
604,ep-251670,CC1OCCOC1(C)C
605,ep-252453,COC(C)C1OCCO1
606,ep-186836,CCCOC1CCOC1
607,ep-262399,CCC1(OC)OCCO1
608,ep-205009,CC1(C)CCOC1(C)C
609,ep-166881,CC1CC(C(C)C)CO1
610,ep-37677,CC1CCOCC1C
611,ep-166693,CC(C)(C)C1CCOC1
612,ep-259573,COCOC1CCCO1
613,ep-166931,COCC1COCC1C
614,ep-196130,COC1CCC(C)OC1
615,ep-154889,CCC1OCCCC1C
616,ep-156507,CCC1CC(C)CCO1
617,ep-157825,CCC1(CC)COCO1
618,ep-1573,CC1COCO1
619,ep-170110,CCCC1CCCOC1
620,ep-252321,COC1OCOC1(C)C
621,ep-244425,CC1COC(C)(C)CO1
622,ep-156607,CCOC1CCCCC1
623,ep-171190,CC(C)CC1CCOC1
624,ep-274924,COC1(C)OCOCO1
625,ep-28217,COC1CCC(C)O1
626,ep-157759,CCCOC1CCCC1
627,ep-188241,CCC1(C)OCCCO1
628,ep-254066,COC1OCOC1OC
629,ep-254437,CC(C)OC1COCO1
630,ep-186520,CCOCC1COCO1
631,ep-26505,CCC1(C)CCCO1
632,ep-28559,CC1COC(C)C1C
633,ep-38615,CCC1COCOC1
634,ep-242871,COC1(C)CCCCC1
635,ep-262442,CCOC1(C)OCCO1
636,ep-254320,CCOC1COC(C)O1
637,ep-197746,CC(C)CC1OCCO1
638,ep-186524,COCC1COCCO1
639,ep-166935,CC(C)C1COCOC1
640,ep-26502,CC1CCOC1(C)C
641,ep-157683,CCC1(C)CCCCO1
642,ep-166620,CCC1COCCC1C
643,ep-186470,COCC1COCOC1
644,ep-185868,CCOC1(C)CCOC1
645,ep-259313,CCCOC1CCCO1
646,ep-280038,CCC1(C)CCOCC1
647,ep-253204,CCC1(OC)COCO1
648,ep-185965,COC1(C)CCOCO1
649,ep-244300,COC1CCC(C)(C)O1
650,ep-156892,COC1(C)CCOCC1
651,ep-170100,CCC1COCOC1C
652,ep-157009,CCC1CCOC(C)O1
653,ep-166615,CC(C)C1COCC1C
654,ep-196093,COC1(C)CCCOC1
655,ep-32628,COC1CCCCO1
656,ep-205271,CC1OCC(C)(C)CO1
657,ep-28123,CC1OC(C)C(C)O1
658,ep-205736,CC1COC(C)C(C)C1
659,ep-154924,COC1CCOCC1C
660,ep-205028,CC1OCOCC1(C)C
661,ep-27028,CCC1(C)OCCO1
662,ep-170064,CCC1(CC)CCOC1
663,ep-251559,COC1(C)OCOC1C
664,ep-29284,CC1COCOC1C
665,ep-171691,COCC1CCCOC1
666,ep-155023,CC1CCC(C(C)C)O1
667,ep-186754,CC(C)OC1CCOC1
668,ep-1827,CC1OCCO1
669,ep-267194,CC1OCOC(C)(C)O1
670,ep-166769,CCC(C)C1CCOC1
671,ep-32634,CCOC1CCCO1
672,ep-26591,CCC1(C)COCO1
673,ep-1739,C1CCOCC1
674,ep-156775,CCC1(OC)CCCC1
675,ep-157169,COC1CCC(OC)C1
676,ep-206745,CC1CC(C)C(C)(C)O1
677,ep-156890,CCC1(C)CCOCO1
678,ep-38602,CC1(C)COCOC1
679,ep-187481,CCC1OCC(C)CO1
680,ep-254384,COC1COC(OC)O1
681,ep-170226,CCC1CCOC1(C)C
682,ep-196955,CCOCC1CCCO1
683,ep-242868,COC1(C)CCC(C)C1
684,ep-251946,COC1CCCC1OC
685,ep-32586,CC(C)C1OCCO1
686,ep-253617,COCC1OCC(C)O1
687,ep-154751,CCC1OCCC1(C)C
688,ep-253525,CCC1COC(C)CO1
689,ep-155109,COC1CC(C)CC1C
690,ep-157002,CCOC1CCOC1C
691,ep-156781,CCC1COC(CC)C1
692,ep-259577,CCCC1OCOCO1
693,ep-154882,COC1CCC(C)C1C
694,ep-205647,COC1COC(C)C1C
695,ep-205675,CC1OC(C)C(C)C1C
696,ep-259302,CCCC1OCC(C)O1
697,ep-251668,CC1OC(C)C(C)(C)O1
698,ep-29316,CCC1OCOC1C
699,ep-186952,COCOC1CCOC1
700,ep-205635,CC1CCOC(C)C1C
701,ep-27201,CC1(C)OCOCO1
702,ep-170257,CCC1(C)CCOC1C
703,ep-156530,CCC1CC(C)OCO1
704,ep-206813,CC1COC(C(C)C)O1
705,ep-196134,CCCCC1COCO1
706,ep-28493,CCC1OCCC1C
707,ep-275517,CC(C)OC1OCCO1
708,ep-9335,COC1COCO1
709,ep-170181,CCOCC1CCCC1
710,ep-156464,CCC1OCOC1CC
711,ep-170099,COCC1CCOC1C
712,ep-207164,COC1CC(C)C(C)O1
713,ep-242869,CCC1(C)CC(C)CO1
714,ep-255089,CCC1COC(C)(C)O1
715,ep-185830,COC1(C)COC(C)C1
716,ep-279102,CC1OC(C)OC(C)O1
717,ep-170107,COCC1CCC(C)C1
718,ep-26557,CC1COC(C)(C)C1
719,ep-7713,COC1CCOC1
720,ep-262301,CCCC1(C)OCCO1
721,ep-7661,CCC1CCCO1
722,ep-171189,CCC1COC(C)(C)C1
723,ep-251676,CC1OC(C)(C)OC1C
724,ep-205071,CC(C)(C)C1COCO1
725,ep-28561,CCC1CC(C)CO1
726,ep-253701,COCC1OCCC1C
727,ep-206970,CCC1COC(C)OC1
728,ep-155025,CC(C)C1CCCCO1
729,ep-31021,COC1CCC(C)C1
730,ep-165973,CC1OCC(C)(C)C1C
731,ep-157757,CCC1CCC(CC)O1
732,ep-166767,CCC1COC(C)C1C
733,ep-157882,CCC1CCC(OC)O1
734,ep-38087,CCC1CCOCC1
735,ep-157705,CCC1OCCOC1C
736,ep-30716,COC1COCC1C
737,ep-186449,CCOCC1CCOC1
738,ep-28498,CCOC1CCCC1
739,ep-253712,COCC1CCC(C)O1
740,ep-170800,CCC1(C)COC(C)C1
741,ep-171180,COC(C)C1CCOC1
742,ep-156790,COC1CCC(C)CC1
743,ep-280015,CC1CC(C)(C)CCO1
744,ep-154884,CCC1CCOC1CC
745,ep-188632,COC1OCCC(C)O1
746,ep-170285,CCC1CC(C)OC1C
747,ep-166043,CC(C)C1(C)COCO1
748,ep-9086,CCC1OCCO1
749,ep-26589,CC1OCOC1(C)C
750,ep-170060,CCC1(C)CCCOC1
751,ep-28440,CC1CCCOC1C
752,ep-244240,CC1(C)CCC(C)(C)O1
753,ep-31074,COC1CCCOC1
754,ep-259338,CC1COCC(C)C1C
755,ep-170006,COC(C)C1CCCC1
756,ep-154799,COC1C(C)CCC1C
757,ep-28067,CC1CCCC(C)O1
758,ep-206965,CCC1(C)COC(C)O1
759,ep-254177,COC1(OC)COCO1
760,ep-267257,CCC1(C)OCOCO1
761,ep-165907,CCC1(C)COCC1C
762,ep-253713,COCC1CCCCO1
763,ep-1929,C1OCOCO1
764,ep-9718,COC1OCCO1
765,ep-399,C1COCO1
766,ep-371,C1CCOC1
767,ep-7857,CC1CCOCO1
768,ep-7523,CC1OCOC1C
769,ep-7324,CC1(C)OCCO1
770,ep-1529,CC1CCCO1
771,ep-475019,CCC(C)(C)CC(C)=O
772,ep-475817,CCCC(=O)C(C)OC
773,ep-4973,COCC(=O)OC
774,ep-2946,CC(=O)OC(C)C
775,ep-487064,CCCOCC(=O)CC
776,ep-475925,CCC(=O)CCCOC
777,ep-3743,COCCC(C)=O
778,ep-14973,CCOC(=O)COC
779,ep-25238,CCC(=O)CC(C)C
780,ep-485899,COC(=O)OC(C)OC
781,ep-477624,CCCCC(=O)CCC
782,ep-25386,CCC(C)CC(C)=O
783,ep-476971,CCC(=O)C(C)(C)CC
784,ep-3926,CCCC(=O)OC
785,ep-17111,COCCCC(C)=O
786,ep-481553,CCC(=O)C(C)(C)OC
787,ep-475127,COC(C)(OC)C(C)=O
788,ep-15068,CCC(=O)OCOC
789,ep-473816,COC(C)COC(C)=O
790,ep-473968,CCC(=O)OCCOC
791,ep-473945,COCC(=O)OC(C)C
792,ep-476761,COC(C)C(C)C(C)=O
793,ep-471935,CCC(CC)C(=O)OC
794,ep-487103,COC(=O)OC(C)(C)C
795,ep-12613,COC(=O)C(C)OC
796,ep-477065,CCC(=O)C(CC)CC
797,ep-15007,CC(=O)OCC(C)C
798,ep-483980,CCOC(C)C(=O)CC
799,ep-486996,CC(=O)COC(C)(C)C
800,ep-12064,CC(=O)COC(C)C
801,ep-473794,CCOC(C)C(=O)OC
802,ep-475765,COCCC(C)C(C)=O
803,ep-483927,CCOC(=O)C(C)CC
804,ep-5279,CCOC(=O)OC
805,ep-473954,COCOC(=O)COC
806,ep-25242,CCCC(=O)CCC
807,ep-471344,CCCC(OC)C(C)=O
808,ep-486936,CCCOC(C)C(C)=O
809,ep-680,CCC(=O)CC
810,ep-25384,CC(=O)CC(C)(C)C
811,ep-2263,CCC(C)C(C)=O
812,ep-24989,CC(C)C(=O)C(C)C
813,ep-483951,CCCC(=O)OCOC
814,ep-471382,CCC(CC(C)=O)OC
815,ep-24974,CCC(C)(C)C(C)=O
816,ep-475939,COCCCCC(C)=O
817,ep-473851,COCC(C)OC(C)=O
818,ep-469246,CCCC(C)CC(C)=O
819,ep-24998,CCCC(=O)C(C)C
820,ep-11982,CCOC(C)C(C)=O
821,ep-686,CCCC(C)=O
822,ep-484053,CCOCC(C)C(C)=O
823,ep-485825,COCOC(=O)C(C)C
824,ep-15868,COCOCC(C)=O
825,ep-485809,CC(C)OC(=O)C(C)C
826,ep-476976,CCCC(=O)C(C)(C)C
827,ep-477070,CCCC(=O)C(C)CC
828,ep-475936,CCCCCC(=O)OC
829,ep-487938,CCC(C)(CC)C(C)=O
830,ep-469199,CC(=O)CC(C)C(C)C
831,ep-471339,CCOC(CC)C(C)=O
832,ep-473790,CCC(OC)C(=O)OC
833,ep-473930,CCCOCC(=O)OC
834,ep-25404,CC(=O)CCC(C)C
835,ep-473927,COC(=O)COC(C)C
836,ep-33,CC(C)=O
837,ep-12497,CCC(OC)C(C)=O
838,ep-473784,COC(=O)C(C)(C)OC
839,ep-15501,CCOCCC(C)=O
840,ep-475983,COCCC(=O)COC
841,ep-476705,CCOC(=O)C(C)(C)C
842,ep-473935,CCOCC(=O)OCC
843,ep-15012,CCCCOC(C)=O
844,ep-475736,CCOCC(=O)C(C)C
845,ep-1230,COC(=O)OC
846,ep-475216,CCOC(OC)C(C)=O
847,ep-487156,CCOCOCC(C)=O
848,ep-3698,CCC(=O)COC
849,ep-25247,CCCCC(=O)CC
850,ep-487060,CC(=O)COCC(C)C
851,ep-475221,CCC(=O)C(OC)OC
852,ep-469530,CC(=O)CCC(C)(C)C
853,ep-14951,CCCOC(=O)CC
854,ep-477109,CCCCC(=O)C(C)C
855,ep-471929,COCC(C)(C)C(C)=O
856,ep-477033,CCC(C)C(=O)C(C)C
857,ep-481643,CCC(=O)OC(C)(C)C
858,ep-486917,COCOCCC(C)=O
859,ep-487154,CCC(=O)COCOC
860,ep-3733,CCCCC(C)=O
861,ep-475731,CCC(C)C(=O)COC
862,ep-487167,CCCOC(=O)OCC
863,ep-485839,CCC(=O)OC(C)CC
864,ep-487132,CC(=O)OCOC(C)C
865,ep-475871,COCCC(=O)C(C)C
866,ep-481579,CCC(C)(C)OC(C)=O
867,ep-487165,CCCCOC(=O)OC
868,ep-473859,COC(=O)C(OC)OC
869,ep-483941,CCCCC(=O)OCC
870,ep-486885,CCCOCCC(C)=O
871,ep-483371,CCOCC(=O)COC
872,ep-483331,CCOCCC(=O)OC
873,ep-15316,COC(=O)CC(C)C
874,ep-2674,COC(C)C(C)=O
875,ep-481598,COC(C)(C)CC(C)=O
876,ep-476806,CC(=O)OC(C)C(C)C
877,ep-469676,CC(=O)CCCC(C)C
878,ep-477602,CCC(=O)CC(C)(C)C
879,ep-475762,CCC(C)CC(=O)OC
880,ep-484077,CCCCCOC(C)=O
881,ep-3797,CCOCC(C)=O
882,ep-475930,CCOCCCC(C)=O
883,ep-487010,CCC(=O)COC(C)C
884,ep-4143,CCOC(=O)CC
885,ep-487088,COCOC(C)C(C)=O
886,ep-484014,CC(=O)OCCC(C)C
887,ep-483938,CCOC(=O)CC(C)C
888,ep-477249,CCCC(CC)C(C)=O
889,ep-483922,COC(=O)C(C)C(C)C
890,ep-471334,CCC(=O)C(CC)OC
891,ep-475013,CCC(C)C(C)C(C)=O
892,ep-486884,CC(=O)CCOC(C)C
893,ep-468913,CCCCC(C)C(C)=O
894,ep-469314,CCC(CC)CC(C)=O
895,ep-485849,CCC(=O)OCC(C)C
896,ep-473940,COCOCC(=O)OC
897,ep-486999,CCC(C)OCC(C)=O
898,ep-25039,CCCC(C)C(C)=O
899,ep-475140,COC(C)(C)OC(C)=O
900,ep-15825,CCOC(=O)OCC
901,ep-486935,CC(=O)C(C)OC(C)C
902,ep-487172,CCOCOC(=O)CC
903,ep-14946,CCOC(=O)C(C)C
904,ep-473949,CCCOC(=O)COC
905,ep-481548,CCOC(C)(C)C(C)=O
906,ep-475832,CCCC(=O)COCC
907,ep-475268,COC(CC(C)=O)OC
908,ep-483947,CCCOC(=O)CCC
909,ep-17058,COCC(=O)COC
910,ep-475922,COCC(C)CC(C)=O
911,ep-17048,CCCC(=O)COC
912,ep-487108,CCOC(=O)OC(C)C
913,ep-475823,COCC(=O)CC(C)C
914,ep-473838,COCC(OC)C(C)=O
915,ep-25034,CCC(CC)C(C)=O
916,ep-2400,COC(=O)C(C)C
917,ep-15280,CCC(C)C(=O)OC
918,ep-15331,COCCC(=O)OC
919,ep-475726,COC(C)C(=O)C(C)C
920,ep-484088,COCCCC(=O)OC
921,ep-475017,CCC(=O)CC(C)CC
922,ep-487935,CC(=O)C(C)(C)C(C)C
923,ep-487162,COC(=O)OCC(C)C
924,ep-483925,CCCC(C)C(=O)OC
925,ep-484206,CCCC(C)OC(C)=O
926,ep-475868,CCC(=O)C(C)COC
927,ep-471930,CCC(COC)C(C)=O
928,ep-3682,CCCC(=O)CC
929,ep-488178,CC(=O)C(C)C(C)(C)C
930,ep-487193,CCCOCOC(C)=O
931,ep-471411,CCC(CC)OC(C)=O
932,ep-11966,CCC(C)OC(C)=O
933,ep-475730,COCC(=O)C(C)(C)C
934,ep-476967,CC(C)C(=O)C(C)(C)C
935,ep-477061,CCC(=O)C(C)C(C)C
936,ep-485812,CCCOC(=O)C(C)C
937,ep-5049,COCOC(C)=O
938,ep-485815,CCC(=O)OC(C)OC
939,ep-468854,CC(=O)C(C)CC(C)C
940,ep-469708,CCCCCCC(C)=O
941,ep-475742,COC(=O)CC(C)(C)C
942,ep-471331,CCC(C)(OC)C(C)=O
943,ep-483336,CCOC(=O)CCOC
944,ep-485914,COC(OC)OC(C)=O
945,ep-483944,CCCC(=O)OC(C)C
946,ep-11972,CCC(=O)OC(C)C
947,ep-488180,CCC(C(C)=O)C(C)C
948,ep-15435,CCCOCC(C)=O
949,ep-24993,CCC(=O)C(C)CC
950,ep-485903,CCOC(=O)OCOC
951,ep-15277,COC(=O)C(C)(C)C
952,ep-477247,CCCC(C)(C)C(C)=O
953,ep-13381,COC(OC)C(C)=O
954,ep-487055,COC(C)OCC(C)=O
955,ep-11588,CC(=O)OC(C)(C)C
956,ep-476700,CCC(C)(C)C(=O)OC
957,ep-15022,COCCOC(C)=O
958,ep-485935,COCOCOC(C)=O
959,ep-442,CC(=O)C(C)C
960,ep-473973,CCOCCOC(C)=O
961,ep-483377,COCCCOC(C)=O
962,ep-485900,CCOCOC(=O)OC
963,ep-477106,CC(C)CC(=O)C(C)C
964,ep-484230,CCCCOC(=O)CC
965,ep-475827,CCCCC(=O)COC
966,ep-17043,COCC(=O)C(C)C
967,ep-15441,CCOCC(=O)CC
968,ep-25408,CCCCCC(C)=O
969,ep-208,COC(C)=O
970,ep-2269,CCC(=O)C(C)C
971,ep-15348,CCOCC(=O)OC
972,ep-12563,COC(C)CC(C)=O
973,ep-473785,CCOC(=O)C(C)OC
974,ep-16877,COCC(C)C(C)=O
975,ep-475875,CCCC(=O)CCOC
976,ep-17101,CCC(=O)CCOC
977,ep-469546,CCC(C)CCC(C)=O
978,ep-483341,COCC(=O)C(C)OC
979,ep-17681,COCOC(=O)OC
980,ep-475228,CCC(OC)OC(C)=O
981,ep-475082,CCC(=O)CCC(C)C
982,ep-14957,CCCC(=O)OCC
983,ep-12118,COC(=O)OC(C)C
984,ep-476747,CC(=O)OCC(C)(C)C
985,ep-477074,CCCC(C)C(=O)CC
986,ep-473975,COCCOCC(C)=O
987,ep-25030,CC(=O)C(C)C(C)C
988,ep-12503,CCC(=O)C(C)OC
989,ep-484046,CCOC(C)CC(C)=O
990,ep-477604,CCCC(=O)CC(C)C
991,ep-482177,COCCOC(=O)OC
992,ep-471283,COC(C(C)=O)C(C)C
993,ep-475864,CCC(=O)CC(C)OC
994,ep-15321,CCCCC(=O)OC
995,ep-11649,COC(C)(C)C(C)=O
996,ep-484210,CCC(C)COC(C)=O
997,ep-475886,COC(=O)CCC(C)C
998,ep-475919,COC(C)CCC(C)=O
999,ep-15094,CCOCOC(C)=O
1000,ep-487104,CCC(C)OC(=O)OC
1001,ep-475880,CCOCCC(=O)CC
1002,ep-478381,COCC(C)C(=O)OC
1003,ep-24969,CCC(=O)C(C)(C)C
1004,ep-15800,CCCOC(=O)OC
1005,ep-487066,CCCCOCC(C)=O
1006,ep-12929,COC(C)OC(C)=O
1007,ep-475090,CCCCCC(=O)CC
1008,ep-485862,CCOC(C)OC(C)=O
1009,ep-483328,COC(=O)CC(C)OC
1010,ep-4215,CCCOC(C)=O
1011,ep-2068,CC(=O)C(C)(C)C
1012,ep-785,CCC(=O)OC
1013,ep-138,CCC(C)=O
1014,ep-701,COCC(C)=O
1015,ep-2350,CC(=O)CC(C)C
1016,ep-1001,CCOC(C)=O
1017,ep-498347,CC(=O)C1COC(C)C1
1018,ep-503165,COC(=O)C1COCO1
1019,ep-503564,COC1OCOCC1=O
1020,ep-498634,CC(=O)CC1CCOC1
1021,ep-493404,CC(C)C1OCCC1=O
1022,ep-503325,COC1(C)CCOC1=O
1023,ep-524247,CC1OC(C)(C)CC1=O
1024,ep-532500,CC(=O)CC1COCO1
1025,ep-28418,CC1CC(C)C(=O)O1
1026,ep-28381,CCC1CCC(=O)O1
1027,ep-503360,COC1CCOC(=O)O1
1028,ep-494428,CCCC1CCC(=O)O1
1029,ep-47211,CC1CCC(C)C1=O
1030,ep-494483,COC1CCC(=O)CC1
1031,ep-529133,COC1OCCCC1=O
1032,ep-503966,CC1(C)CCOC(=O)O1
1033,ep-524308,CC1(C)COC(=O)CO1
1034,ep-508763,CC(C)C1OCOC1=O
1035,ep-495013,COCC1CCC(=O)O1
1036,ep-503265,COC1COC(C)C1=O
1037,ep-508271,CC1OC(=O)C(C)C1C
1038,ep-493982,CCOC1CCCC1=O
1039,ep-47813,CC1CCC(=O)CC1
1040,ep-32962,COC1CC(=O)CO1
1041,ep-525185,CC1CC(=O)C(C)(C)C1
1042,ep-493398,CC(=O)C1OCCC1C
1043,ep-498685,COCC1CCOC1=O
1044,ep-494498,CCC1CCOC(=O)O1
1045,ep-505898,CCC(=O)C1OCCO1
1046,ep-505641,COC1CCCOC1=O
1047,ep-508713,CC1OC(=O)C(C)(C)O1
1048,ep-47776,CC1(C)CCC(=O)C1
1049,ep-505642,CCCC1OCOC1=O
1050,ep-9853,O=C1OCOCO1
1051,ep-498308,COCC1CCCC1=O
1052,ep-526412,CC1CC(=O)CC1(C)C
1053,ep-529201,CC1CC(=O)OC(C)C1
1054,ep-33172,COC1COC(=O)O1
1055,ep-527391,COC1COC(=O)CO1
1056,ep-532161,CC1CC(=O)CC(C)O1
1057,ep-494425,CCC1CC(C)C(=O)O1
1058,ep-508621,CC(C)C1CC(=O)CO1
1059,ep-513499,CC1CC(C)(C)OC1=O
1060,ep-526475,CCC1CCCC(=O)C1
1061,ep-527130,CCC1OCCOC1=O
1062,ep-534230,CC1CCOC(C)C1=O
1063,ep-525430,CC(C)C1CCCC1=O
1064,ep-503166,COCC1OCOC1=O
1065,ep-531737,COC1(C)OCCC1=O
1066,ep-506211,COC1COC(=O)C1C
1067,ep-531801,COC1(C)CC(=O)CO1
1068,ep-498583,CCC1(C)CCOC1=O
1069,ep-535125,CC1(C)CCOC(=O)C1
1070,ep-525161,CC1(C)CCCCC1=O
1071,ep-28601,CC1OCC(=O)C1C
1072,ep-493475,CCC1OC(=O)CC1C
1073,ep-531600,CC(C)C1CCC(=O)C1
1074,ep-493980,CCC1OC(C)CC1=O
1075,ep-513805,CCC1OC(C)OC1=O
1076,ep-503153,CC1OCC(C)C(=O)O1
1077,ep-505638,COC1CCC(=O)OC1
1078,ep-494670,CCOC1CCC(=O)C1
1079,ep-29257,CC1OC(=O)OC1C
1080,ep-493989,CC(=O)C1CCOCO1
1081,ep-47232,CC1CCC(=O)C1C
1082,ep-493936,CCC1OCOCC1=O
1083,ep-494429,CCC1CCCC(=O)O1
1084,ep-28793,CC1COC(=O)CO1
1085,ep-524177,CC(=O)C1(C)COCO1
1086,ep-8988,O=C1CCCCO1
1087,ep-532096,CC1COCC(C)C1=O
1088,ep-529823,CCC1(C)OCC(=O)O1
1089,ep-26617,CC1(C)OCOC1=O
1090,ep-524175,CC1(C)OCCCC1=O
1091,ep-513835,COC1(C)OCOC1=O
1092,ep-498297,CC1OCC(C)(C)C1=O
1093,ep-26572,CC1(C)CC(=O)CO1
1094,ep-503485,COC1C(=O)OCC1C
1095,ep-524295,CC1(C)OCCOC1=O
1096,ep-513857,CCOC1OCOC1=O
1097,ep-498587,CCCC1CCOC1=O
1098,ep-503256,COC1OCCC(=O)O1
1099,ep-513736,CC1OC(=O)OC(C)O1
1100,ep-527399,COC1COCC(=O)O1
1101,ep-494393,CCC1CC(=O)CCO1
1102,ep-525982,CC(=O)C1(C)CCCC1
1103,ep-532080,COC1CC(=O)C(C)O1
1104,ep-498674,COC(=O)C1CCOC1
1105,ep-513524,CCC1OC(=O)C(C)O1
1106,ep-37330,CCC1COC(=O)C1
1107,ep-27015,CC1(C)OCC(=O)O1
1108,ep-37203,CC1CCCOC1=O
1109,ep-525530,CC1CCC(=O)C(C)C1
1110,ep-531875,COC1CCC(=O)CO1
1111,ep-494951,CCC1(C)COC(=O)O1
1112,ep-31048,COC1CCC(=O)C1
1113,ep-32963,CC1OCC(=O)CO1
1114,ep-37353,COC1OCC(=O)O1
1115,ep-493928,CCC(=O)C1CCCO1
1116,ep-524279,COC1(C)CCC(=O)C1
1117,ep-524248,CC1(C)CC(=O)CCO1
1118,ep-527281,COC1COCC(=O)C1
1119,ep-494824,CCC1(C)CCC(=O)O1
1120,ep-9187,O=C1OCCCO1
1121,ep-498607,CCC1(C)COC(=O)C1
1122,ep-513737,CCOC1COC(=O)O1
1123,ep-513645,CC(=O)OC1COCO1
1124,ep-524240,CC1(C)CCCC(=O)O1
1125,ep-7640,CC1OCCC1=O
1126,ep-533623,CC(=O)CC1CCCC1
1127,ep-494984,CCCC1COC(=O)O1
1128,ep-527132,CC1COC(=O)C(C)O1
1129,ep-26544,CC1(C)OCCC1=O
1130,ep-525159,CCC1(C)CCCC1=O
1131,ep-527126,CC1COC(C)C(=O)O1
1132,ep-498279,CC1OCC(=O)C1(C)C
1133,ep-37384,CC1COCOC1=O
1134,ep-513500,CC1CCC(C)C(=O)O1
1135,ep-47150,CC1(C)CCCC1=O
1136,ep-494959,CC(C)C1COC(=O)O1
1137,ep-494389,COC1CC(=O)CC1C
1138,ep-503241,CCC1OCCC(=O)O1
1139,ep-503488,COCC1COC(=O)C1
1140,ep-498586,CCC1CC(C)OC1=O
1141,ep-493442,COC1CCC(=O)C1C
1142,ep-498675,CCC1COCOC1=O
1143,ep-8898,O=C1CCCCC1
1144,ep-535111,CC1(C)CCOCC1=O
1145,ep-527520,CC(=O)C1COC(C)O1
1146,ep-534049,COC1OCOC(=O)O1
1147,ep-503950,CC1CC(C)OC(=O)O1
1148,ep-37903,CC1CCOCC1=O
1149,ep-498361,CC(=O)C1COCOC1
1150,ep-507978,CC1CC(C)(C)C(=O)O1
1151,ep-508068,CC1(C)CCC(=O)OC1
1152,ep-508257,CC1OCCC(=O)C1C
1153,ep-525682,CCC1CC(=O)C(C)C1
1154,ep-526981,CC1OCC(=O)OC1C
1155,ep-527267,CCC1COC(=O)CO1
1156,ep-497845,CC(C)C1COCC1=O
1157,ep-1876,O=C1COCO1
1158,ep-513521,CC1OC(C)(C)OC1=O
1159,ep-503680,CC1OCC(=O)C(C)O1
1160,ep-28604,CC1CCC(=O)CO1
1161,ep-513750,COC1OC(=O)OC1C
1162,ep-28667,CC1CC(=O)CCO1
1163,ep-525339,CC1CCCC(C)C1=O
1164,ep-525432,CC1CCCC(=O)C1C
1165,ep-506205,CC1OCOC(=O)C1C
1166,ep-498318,CC(=O)C1CCOC1C
1167,ep-493480,CC(C)C1CCC(=O)O1
1168,ep-529217,CC(=O)CC1OCCO1
1169,ep-28543,CCC1OCCC1=O
1170,ep-498311,CCC1COCCC1=O
1171,ep-6659,CC1COC(=O)C1
1172,ep-525497,CC1CC(=O)C(C)C1C
1173,ep-9173,O=C1CCOCO1
1174,ep-526001,CC(=O)C1CCCCC1
1175,ep-513733,COC1(C)COC(=O)O1
1176,ep-494390,CC(=O)CC1CCCO1
1177,ep-531634,CCC1CCC(=O)CC1
1178,ep-525072,COC1COCOC1=O
1179,ep-493924,CCC1OCC(C)C1=O
1180,ep-37669,CC1(C)COCC1=O
1181,ep-532511,CC1CCC(=O)C(C)O1
1182,ep-534169,COC1OC(C)CC1=O
1183,ep-503110,CCOC1COC(=O)C1
1184,ep-494489,COC1CC(=O)OC1C
1185,ep-498314,CC(=O)C1CCCOC1
1186,ep-525671,CC1CC(C)(C)CC1=O
1187,ep-498532,COCC1CCC(=O)C1
1188,ep-497765,CC1COC(=O)C1(C)C
1189,ep-503553,CCOC1COCC1=O
1190,ep-9694,O=C1COCCO1
1191,ep-529283,CC1CCOC(=O)C1C
1192,ep-497836,CC(C)C1CCOC1=O
1193,ep-498333,CCC1COC(C)C1=O
1194,ep-508633,CC(C)C1OCC(=O)O1
1195,ep-29400,CC1CC(=O)OCO1
1196,ep-508298,CC1CC(=O)COC1C
1197,ep-529209,CC1CC(C)C(=O)CO1
1198,ep-532228,CC(C)C1COC(=O)C1
1199,ep-47777,CC1CCCC(=O)C1
1200,ep-524189,CCC1(C)OCOC1=O
1201,ep-529230,CC1COC(=O)CC1C
1202,ep-513777,COC1OC(=O)C(C)O1
1203,ep-28379,CC1CC(=O)OC1C
1204,ep-28483,CC(=O)C1CCCO1
1205,ep-6588,CC1CCC(=O)C1
1206,ep-7865,CC1CC(=O)CO1
1207,ep-525459,CCC1C(=O)CCC1C
1208,ep-497835,CCC1C(=O)OCC1C
1209,ep-37245,CCC1CCOC1=O
1210,ep-531633,CCCC1CCC(=O)C1
1211,ep-30989,COC1COCC1=O
1212,ep-28977,CC1COC(C)C1=O
1213,ep-503098,COC1(C)COC(=O)C1
1214,ep-498286,CCC1(C)COCC1=O
1215,ep-525335,CC1CC(C)C(C)C1=O
1216,ep-495006,CCC1COCC(=O)O1
1217,ep-508490,CC1C(=O)COC1(C)C
1218,ep-1721,O=C1CCOC1
1219,ep-526403,CC1(C)CCCC(=O)C1
1220,ep-30984,COC1CCCC1=O
1221,ep-503832,CC(=O)C1OCCCO1
1222,ep-38583,CC1COC(=O)OC1
1223,ep-532532,CCCC1COC(=O)C1
1224,ep-529328,CCC1COC(=O)OC1
1225,ep-28487,CC1OCCCC1=O
1226,ep-498346,CCCC1COCC1=O
1227,ep-494755,CC(=O)OC1CCCC1
1228,ep-505649,COC(=O)C1CCCO1
1229,ep-31069,COC1CCOC1=O
1230,ep-525461,CCC(=O)C1CCCC1
1231,ep-33312,COC1OCOC1=O
1232,ep-37225,CC1CCC(=O)OC1
1233,ep-494034,CCCC1OCCC1=O
1234,ep-525047,COC1COC(=O)OC1
1235,ep-513823,CC1(C)OCOC(=O)O1
1236,ep-524257,CC1(C)CCC(=O)CO1
1237,ep-513511,CC1COC(=O)C(C)C1
1238,ep-47275,CC1CC(=O)C(C)C1
1239,ep-494037,COC1CC(C)CC1=O
1240,ep-524184,CC1COC(C)(C)C1=O
1241,ep-525145,CC1CCC(C)(C)C1=O
1242,ep-526474,CCC1CC(=O)CC1C
1243,ep-503109,CC1CC(=O)OC(C)O1
1244,ep-498275,CC1(C)COCCC1=O
1245,ep-493893,CC(=O)C1(C)CCCO1
1246,ep-525460,CCC1CCCCC1=O
1247,ep-28097,CC1CC(=O)C(C)O1
1248,ep-527277,COC1COCCC1=O
1249,ep-529215,CCOC1CC(=O)CO1
1250,ep-494491,COC1CCOC(=O)C1
1251,ep-493987,CC(=O)C1CCCCO1
1252,ep-503264,COC1(C)COCC1=O
1253,ep-526000,CC(=O)C1CCC(C)C1
1254,ep-33173,CC1OCOC(=O)O1
1255,ep-28385,CC1CCCC(=O)O1
1256,ep-28602,CCC1CC(=O)CO1
1257,ep-525528,CCCC1CCCC1=O
1258,ep-534327,CC(=O)C1OCOCO1
1259,ep-37202,CC1(C)CCOC1=O
1260,ep-494669,CCC1CC(=O)C(C)O1
1261,ep-531601,CC1(C)CCC(=O)CC1
1262,ep-503750,CC1(C)OCC(=O)CO1
1263,ep-529847,CC(=O)C1(C)OCCO1
1264,ep-508274,CC1CCC(=O)OC1C
1265,ep-532142,CCC(=O)C1COCO1
1266,ep-508507,CC1OC(C)C(C)C1=O
1267,ep-532075,CC1CC(=O)C(C)CO1
1268,ep-47409,CC(=O)C1CCCC1
1269,ep-47238,CC1CCCCC1=O
1270,ep-47795,CC1CC(=O)CC1C
1271,ep-526413,CC1CC(=O)CC(C)C1
1272,ep-493930,CCC1OCCCC1=O
1273,ep-498360,COCC1COCC1=O
1274,ep-524178,CC1(C)OCOCC1=O
1275,ep-495005,CC(=O)OC1CCOC1
1276,ep-29310,CC(=O)C1COCO1
1277,ep-37670,CC1COCC(=O)C1
1278,ep-513534,COC1CCCC(=O)O1
1279,ep-26496,CC1(C)CCC(=O)O1
1280,ep-493933,COC1CCCCC1=O
1281,ep-525157,CC1CCC(=O)C1(C)C
1282,ep-524255,CCC1(C)CC(=O)CO1
1283,ep-37710,CC1COCCC1=O
1284,ep-37325,CC1(C)COC(=O)C1
1285,ep-497844,CC(=O)C1COCC1C
1286,ep-32565,CC1OCCC(=O)O1
1287,ep-38035,CCC1COCC1=O
1288,ep-494396,COC1CCCC(=O)C1
1289,ep-527314,CC(=O)C1COCCO1
1290,ep-525498,CCC1CC(C)CC1=O
1291,ep-508759,CC1OC(=O)OC1(C)C
1292,ep-508071,CC1(C)COC(=O)OC1
1293,ep-534243,CC(=O)C1OCC(C)O1
1294,ep-534286,CC1OCOC(C)C1=O
1295,ep-508310,COC1OCC(=O)C1C
1296,ep-525336,CCC1CCC(C)C1=O
1297,ep-497853,CCC1COC(=O)C1C
1298,ep-503492,COCC1COC(=O)O1
1299,ep-47234,CCC1CCCC1=O
1300,ep-47811,CCC1CCC(=O)C1
1301,ep-529238,CC1COCC(=O)C1C
1302,ep-498273,CC(=O)C1(C)CCOC1
1303,ep-529025,CC1COC(C)C(=O)C1
1304,ep-529213,CCCC1CC(=O)CO1
1305,ep-32562,COC1CCC(=O)O1
1306,ep-493886,CCC1(C)OCCC1=O
1307,ep-493897,COC1C(=O)COC1C
1308,ep-525429,CC1C(=O)CCC1(C)C
1309,ep-28395,CC1COCC(=O)O1
1310,ep-494781,CCC1OC(=O)OC1C
1311,ep-533765,CCC1CCOC(=O)C1
1312,ep-503957,CC1COC(=O)OC1C
1313,ep-28711,CC1OCCOC1=O
1314,ep-513826,CCC1OCOC(=O)O1
1315,ep-508034,CC1OC(=O)CC1(C)C
1316,ep-1718,O=C1CCCC1
1317,ep-493440,CCC1OCC(=O)C1C
1318,ep-498501,CCC1CCCOC1=O
1319,ep-6498,CC1CCCC1=O
1320,ep-29350,CCC1OCOC1=O
1321,ep-498334,CCC(=O)C1CCOC1
1322,ep-525999,CC(=O)C1CCCC1C
1323,ep-513530,COC1CC(C)C(=O)O1
1324,ep-498533,CCC1COCC(=O)C1
1325,ep-508272,CCC1CC(=O)OC1C
1326,ep-29312,CC1OCOCC1=O
1327,ep-526476,CC1CCC(=O)CC1C
1328,ep-26585,CC1(C)COC(=O)O1
1329,ep-527412,COCC1OCC(=O)O1
1330,ep-508327,COC1OC(=O)CC1C
1331,ep-508207,CC1(C)COCC(=O)C1
1332,ep-525527,CCC1CCC(=O)C1C
1333,ep-505896,CCOC1OCCC1=O
1334,ep-531522,CCC1(C)CCC(=O)C1
1335,ep-525061,COC1OCCOC1=O
1336,ep-508867,CC1CC(=O)OC1(C)C
1337,ep-493985,CC(=O)C1CCC(C)O1
1338,ep-28170,CC1OC(=O)C(C)O1
1339,ep-507962,CC1(C)COCOC1=O
1340,ep-1885,O=C1OCCO1
1341,ep-507961,CC1(C)CCCOC1=O
1342,ep-527372,COC(=O)C1OCCO1
1343,ep-493898,CC(=O)C1OCOC1C
1344,ep-513641,CC(=O)OC1CCCO1
1345,ep-524174,CC1CC(=O)C(C)(C)O1
1346,ep-8056,CC1COC(=O)O1
1347,ep-513636,CCOC1CCC(=O)O1
1348,ep-8902,O=C1CCOCC1
1349,ep-513533,COC1(C)CCC(=O)O1
1350,ep-494039,CC(=O)C1CC(C)CO1
1351,ep-525500,CC1CCC(C)C(=O)C1
1352,ep-532499,CC(=O)C1CCOCC1
1353,ep-513849,COC1OC(C)OC1=O
1354,ep-37247,CC1CCOC(=O)C1
1355,ep-32890,COC1OCCC1=O
1356,ep-532081,COC1CC(=O)CCO1
1357,ep-532076,COC1CC(=O)C(C)C1
1358,ep-513619,COC1(C)OCC(=O)O1
1359,ep-494482,CCC1CCC(=O)CO1
1360,ep-513775,CC(=O)OC1OCCO1
1361,ep-498317,CCC1C(=O)COC1C
1362,ep-527327,COCC1CC(=O)CO1
1363,ep-32621,CC(=O)C1OCCO1
1364,ep-503756,CCC1OCC(=O)CO1
1365,ep-503127,COC1CC(=O)OCO1
1366,ep-493889,COC1(C)CCCC1=O
1367,ep-527315,COCC1OCCC1=O
1368,ep-493926,COC1CCC(C)C1=O
1369,ep-498553,CCC1CCC(=O)OC1
1370,ep-29260,CC1CCOC(=O)O1
1371,ep-493937,COC1CCOCC1=O
1372,ep-503852,COC1OCC(=O)CO1
1373,ep-29258,CCC1COC(=O)O1
1374,ep-524260,CC1(C)CC(=O)OCO1
1375,ep-7879,CC1CCC(=O)O1
1376,ep-493401,COC1C(=O)CCC1C
1377,ep-37223,CC1COC(=O)C1C
1378,ep-38082,CC(=O)C1CCOC1
1379,ep-31095,COC1COC(=O)C1
1380,ep-527151,CC1(C)COCC(=O)O1
1381,ep-32539,CCC1OCC(=O)O1
1382,ep-503305,COC1CC(C)OC1=O
1383,ep-529221,CCCC1OCC(=O)O1
1384,ep-534179,COC1OCC(C)C1=O
1385,ep-503236,CC1(C)OCCC(=O)O1
1386,ep-513778,CCOC1OCC(=O)O1
1387,ep-535113,CCC1CCOCC1=O
1388,ep-498498,COC(=O)C1CCCC1
1389,ep-503610,CCOC1CCOC1=O
1390,ep-497779,CC1C(=O)OCC1(C)C
1391,ep-494490,CCC1CC(=O)OCO1
1392,ep-6612,CC1CCOC1=O
1393,ep-6504,CC1COCC1=O
1394,ep-8959,O=C1COCOC1
1395,ep-9462,CC1OCC(=O)O1
1396,ep-8910,O=C1CCCOC1
1397,ep-7990,CC1OCOC1=O
1398,ep-1744,O=C1CCCO1
